dataset,num_layer,layer_size,test_fold
baskball,1,1,1
baskball,1,1,2
baskball,1,1,3
baskball,1,1,4
baskball,1,1,5
baskball,1,2,1
baskball,1,2,2
baskball,1,2,3
baskball,1,2,4
baskball,1,2,5
baskball,1,4,1
baskball,1,4,2
baskball,1,4,3
baskball,1,4,4
baskball,1,4,5
baskball,1,8,1
baskball,1,8,2
baskball,1,8,3
baskball,1,8,4
baskball,1,8,5
baskball,1,16,1
baskball,1,16,2
baskball,1,16,3
baskball,1,16,4
baskball,1,16,5
baskball,1,32,1
baskball,1,32,2
baskball,1,32,3
baskball,1,32,4
baskball,1,32,5
baskball,1,64,1
baskball,1,64,2
baskball,1,64,3
baskball,1,64,4
baskball,1,64,5
baskball,2,1,1
baskball,2,1,2
baskball,2,1,3
baskball,2,1,4
baskball,2,1,5
baskball,2,2,1
baskball,2,2,2
baskball,2,2,3
baskball,2,2,4
baskball,2,2,5
baskball,2,4,1
baskball,2,4,2
baskball,2,4,3
baskball,2,4,4
baskball,2,4,5
baskball,2,8,1
baskball,2,8,2
baskball,2,8,3
baskball,2,8,4
baskball,2,8,5
baskball,2,16,1
baskball,2,16,2
baskball,2,16,3
baskball,2,16,4
baskball,2,16,5
baskball,2,32,1
baskball,2,32,2
baskball,2,32,3
baskball,2,32,4
baskball,2,32,5
baskball,2,64,1
baskball,2,64,2
baskball,2,64,3
baskball,2,64,4
baskball,2,64,5
sensory,1,1,1
sensory,1,1,2
sensory,1,1,3
sensory,1,1,4
sensory,1,1,5
sensory,1,2,1
sensory,1,2,2
sensory,1,2,3
sensory,1,2,4
sensory,1,2,5
sensory,1,4,1
sensory,1,4,2
sensory,1,4,3
sensory,1,4,4
sensory,1,4,5
sensory,1,8,1
sensory,1,8,2
sensory,1,8,3
sensory,1,8,4
sensory,1,8,5
sensory,1,16,1
sensory,1,16,2
sensory,1,16,3
sensory,1,16,4
sensory,1,16,5
sensory,1,32,1
sensory,1,32,2
sensory,1,32,3
sensory,1,32,4
sensory,1,32,5
sensory,1,64,1
sensory,1,64,2
sensory,1,64,3
sensory,1,64,4
sensory,1,64,5
sensory,2,1,1
sensory,2,1,2
sensory,2,1,3
sensory,2,1,4
sensory,2,1,5
sensory,2,2,1
sensory,2,2,2
sensory,2,2,3
sensory,2,2,4
sensory,2,2,5
sensory,2,4,1
sensory,2,4,2
sensory,2,4,3
sensory,2,4,4
sensory,2,4,5
sensory,2,8,1
sensory,2,8,2
sensory,2,8,3
sensory,2,8,4
sensory,2,8,5
sensory,2,16,1
sensory,2,16,2
sensory,2,16,3
sensory,2,16,4
sensory,2,16,5
sensory,2,32,1
sensory,2,32,2
sensory,2,32,3
sensory,2,32,4
sensory,2,32,5
sensory,2,64,1
sensory,2,64,2
sensory,2,64,3
sensory,2,64,4
sensory,2,64,5
echomonths,1,1,1
echomonths,1,1,2
echomonths,1,1,3
echomonths,1,1,4
echomonths,1,1,5
echomonths,1,2,1
echomonths,1,2,2
echomonths,1,2,3
echomonths,1,2,4
echomonths,1,2,5
echomonths,1,4,1
echomonths,1,4,2
echomonths,1,4,3
echomonths,1,4,4
echomonths,1,4,5
echomonths,1,8,1
echomonths,1,8,2
echomonths,1,8,3
echomonths,1,8,4
echomonths,1,8,5
echomonths,1,16,1
echomonths,1,16,2
echomonths,1,16,3
echomonths,1,16,4
echomonths,1,16,5
echomonths,1,32,1
echomonths,1,32,2
echomonths,1,32,3
echomonths,1,32,4
echomonths,1,32,5
echomonths,1,64,1
echomonths,1,64,2
echomonths,1,64,3
echomonths,1,64,4
echomonths,1,64,5
echomonths,2,1,1
echomonths,2,1,2
echomonths,2,1,3
echomonths,2,1,4
echomonths,2,1,5
echomonths,2,2,1
echomonths,2,2,2
echomonths,2,2,3
echomonths,2,2,4
echomonths,2,2,5
echomonths,2,4,1
echomonths,2,4,2
echomonths,2,4,3
echomonths,2,4,4
echomonths,2,4,5
echomonths,2,8,1
echomonths,2,8,2
echomonths,2,8,3
echomonths,2,8,4
echomonths,2,8,5
echomonths,2,16,1
echomonths,2,16,2
echomonths,2,16,3
echomonths,2,16,4
echomonths,2,16,5
echomonths,2,32,1
echomonths,2,32,2
echomonths,2,32,3
echomonths,2,32,4
echomonths,2,32,5
echomonths,2,64,1
echomonths,2,64,2
echomonths,2,64,3
echomonths,2,64,4
echomonths,2,64,5
lowbwt,1,1,1
lowbwt,1,1,2
lowbwt,1,1,3
lowbwt,1,1,4
lowbwt,1,1,5
lowbwt,1,2,1
lowbwt,1,2,2
lowbwt,1,2,3
lowbwt,1,2,4
lowbwt,1,2,5
lowbwt,1,4,1
lowbwt,1,4,2
lowbwt,1,4,3
lowbwt,1,4,4
lowbwt,1,4,5
lowbwt,1,8,1
lowbwt,1,8,2
lowbwt,1,8,3
lowbwt,1,8,4
lowbwt,1,8,5
lowbwt,1,16,1
lowbwt,1,16,2
lowbwt,1,16,3
lowbwt,1,16,4
lowbwt,1,16,5
lowbwt,1,32,1
lowbwt,1,32,2
lowbwt,1,32,3
lowbwt,1,32,4
lowbwt,1,32,5
lowbwt,1,64,1
lowbwt,1,64,2
lowbwt,1,64,3
lowbwt,1,64,4
lowbwt,1,64,5
lowbwt,2,1,1
lowbwt,2,1,2
lowbwt,2,1,3
lowbwt,2,1,4
lowbwt,2,1,5
lowbwt,2,2,1
lowbwt,2,2,2
lowbwt,2,2,3
lowbwt,2,2,4
lowbwt,2,2,5
lowbwt,2,4,1
lowbwt,2,4,2
lowbwt,2,4,3
lowbwt,2,4,4
lowbwt,2,4,5
lowbwt,2,8,1
lowbwt,2,8,2
lowbwt,2,8,3
lowbwt,2,8,4
lowbwt,2,8,5
lowbwt,2,16,1
lowbwt,2,16,2
lowbwt,2,16,3
lowbwt,2,16,4
lowbwt,2,16,5
lowbwt,2,32,1
lowbwt,2,32,2
lowbwt,2,32,3
lowbwt,2,32,4
lowbwt,2,32,5
lowbwt,2,64,1
lowbwt,2,64,2
lowbwt,2,64,3
lowbwt,2,64,4
lowbwt,2,64,5
autompg,1,1,1
autompg,1,1,2
autompg,1,1,3
autompg,1,1,4
autompg,1,1,5
autompg,1,2,1
autompg,1,2,2
autompg,1,2,3
autompg,1,2,4
autompg,1,2,5
autompg,1,4,1
autompg,1,4,2
autompg,1,4,3
autompg,1,4,4
autompg,1,4,5
autompg,1,8,1
autompg,1,8,2
autompg,1,8,3
autompg,1,8,4
autompg,1,8,5
autompg,1,16,1
autompg,1,16,2
autompg,1,16,3
autompg,1,16,4
autompg,1,16,5
autompg,1,32,1
autompg,1,32,2
autompg,1,32,3
autompg,1,32,4
autompg,1,32,5
autompg,1,64,1
autompg,1,64,2
autompg,1,64,3
autompg,1,64,4
autompg,1,64,5
autompg,2,1,1
autompg,2,1,2
autompg,2,1,3
autompg,2,1,4
autompg,2,1,5
autompg,2,2,1
autompg,2,2,2
autompg,2,2,3
autompg,2,2,4
autompg,2,2,5
autompg,2,4,1
autompg,2,4,2
autompg,2,4,3
autompg,2,4,4
autompg,2,4,5
autompg,2,8,1
autompg,2,8,2
autompg,2,8,3
autompg,2,8,4
autompg,2,8,5
autompg,2,16,1
autompg,2,16,2
autompg,2,16,3
autompg,2,16,4
autompg,2,16,5
autompg,2,32,1
autompg,2,32,2
autompg,2,32,3
autompg,2,32,4
autompg,2,32,5
autompg,2,64,1
autompg,2,64,2
autompg,2,64,3
autompg,2,64,4
autompg,2,64,5
auto93,1,1,1
auto93,1,1,2
auto93,1,1,3
auto93,1,1,4
auto93,1,1,5
auto93,1,2,1
auto93,1,2,2
auto93,1,2,3
auto93,1,2,4
auto93,1,2,5
auto93,1,4,1
auto93,1,4,2
auto93,1,4,3
auto93,1,4,4
auto93,1,4,5
auto93,1,8,1
auto93,1,8,2
auto93,1,8,3
auto93,1,8,4
auto93,1,8,5
auto93,1,16,1
auto93,1,16,2
auto93,1,16,3
auto93,1,16,4
auto93,1,16,5
auto93,1,32,1
auto93,1,32,2
auto93,1,32,3
auto93,1,32,4
auto93,1,32,5
auto93,1,64,1
auto93,1,64,2
auto93,1,64,3
auto93,1,64,4
auto93,1,64,5
auto93,2,1,1
auto93,2,1,2
auto93,2,1,3
auto93,2,1,4
auto93,2,1,5
auto93,2,2,1
auto93,2,2,2
auto93,2,2,3
auto93,2,2,4
auto93,2,2,5
auto93,2,4,1
auto93,2,4,2
auto93,2,4,3
auto93,2,4,4
auto93,2,4,5
auto93,2,8,1
auto93,2,8,2
auto93,2,8,3
auto93,2,8,4
auto93,2,8,5
auto93,2,16,1
auto93,2,16,2
auto93,2,16,3
auto93,2,16,4
auto93,2,16,5
auto93,2,32,1
auto93,2,32,2
auto93,2,32,3
auto93,2,32,4
auto93,2,32,5
auto93,2,64,1
auto93,2,64,2
auto93,2,64,3
auto93,2,64,4
auto93,2,64,5
bodyfat,1,1,1
bodyfat,1,1,2
bodyfat,1,1,3
bodyfat,1,1,4
bodyfat,1,1,5
bodyfat,1,2,1
bodyfat,1,2,2
bodyfat,1,2,3
bodyfat,1,2,4
bodyfat,1,2,5
bodyfat,1,4,1
bodyfat,1,4,2
bodyfat,1,4,3
bodyfat,1,4,4
bodyfat,1,4,5
bodyfat,1,8,1
bodyfat,1,8,2
bodyfat,1,8,3
bodyfat,1,8,4
bodyfat,1,8,5
bodyfat,1,16,1
bodyfat,1,16,2
bodyfat,1,16,3
bodyfat,1,16,4
bodyfat,1,16,5
bodyfat,1,32,1
bodyfat,1,32,2
bodyfat,1,32,3
bodyfat,1,32,4
bodyfat,1,32,5
bodyfat,1,64,1
bodyfat,1,64,2
bodyfat,1,64,3
bodyfat,1,64,4
bodyfat,1,64,5
bodyfat,2,1,1
bodyfat,2,1,2
bodyfat,2,1,3
bodyfat,2,1,4
bodyfat,2,1,5
bodyfat,2,2,1
bodyfat,2,2,2
bodyfat,2,2,3
bodyfat,2,2,4
bodyfat,2,2,5
bodyfat,2,4,1
bodyfat,2,4,2
bodyfat,2,4,3
bodyfat,2,4,4
bodyfat,2,4,5
bodyfat,2,8,1
bodyfat,2,8,2
bodyfat,2,8,3
bodyfat,2,8,4
bodyfat,2,8,5
bodyfat,2,16,1
bodyfat,2,16,2
bodyfat,2,16,3
bodyfat,2,16,4
bodyfat,2,16,5
bodyfat,2,32,1
bodyfat,2,32,2
bodyfat,2,32,3
bodyfat,2,32,4
bodyfat,2,32,5
bodyfat,2,64,1
bodyfat,2,64,2
bodyfat,2,64,3
bodyfat,2,64,4
bodyfat,2,64,5
simulated.abs,1,1,1
simulated.abs,1,1,2
simulated.abs,1,1,3
simulated.abs,1,1,4
simulated.abs,1,1,5
simulated.abs,1,2,1
simulated.abs,1,2,2
simulated.abs,1,2,3
simulated.abs,1,2,4
simulated.abs,1,2,5
simulated.abs,1,4,1
simulated.abs,1,4,2
simulated.abs,1,4,3
simulated.abs,1,4,4
simulated.abs,1,4,5
simulated.abs,1,8,1
simulated.abs,1,8,2
simulated.abs,1,8,3
simulated.abs,1,8,4
simulated.abs,1,8,5
simulated.abs,1,16,1
simulated.abs,1,16,2
simulated.abs,1,16,3
simulated.abs,1,16,4
simulated.abs,1,16,5
simulated.abs,1,32,1
simulated.abs,1,32,2
simulated.abs,1,32,3
simulated.abs,1,32,4
simulated.abs,1,32,5
simulated.abs,1,64,1
simulated.abs,1,64,2
simulated.abs,1,64,3
simulated.abs,1,64,4
simulated.abs,1,64,5
simulated.abs,2,1,1
simulated.abs,2,1,2
simulated.abs,2,1,3
simulated.abs,2,1,4
simulated.abs,2,1,5
simulated.abs,2,2,1
simulated.abs,2,2,2
simulated.abs,2,2,3
simulated.abs,2,2,4
simulated.abs,2,2,5
simulated.abs,2,4,1
simulated.abs,2,4,2
simulated.abs,2,4,3
simulated.abs,2,4,4
simulated.abs,2,4,5
simulated.abs,2,8,1
simulated.abs,2,8,2
simulated.abs,2,8,3
simulated.abs,2,8,4
simulated.abs,2,8,5
simulated.abs,2,16,1
simulated.abs,2,16,2
simulated.abs,2,16,3
simulated.abs,2,16,4
simulated.abs,2,16,5
simulated.abs,2,32,1
simulated.abs,2,32,2
simulated.abs,2,32,3
simulated.abs,2,32,4
simulated.abs,2,32,5
simulated.abs,2,64,1
simulated.abs,2,64,2
simulated.abs,2,64,3
simulated.abs,2,64,4
simulated.abs,2,64,5
elusage,1,1,1
elusage,1,1,2
elusage,1,1,3
elusage,1,1,4
elusage,1,1,5
elusage,1,2,1
elusage,1,2,2
elusage,1,2,3
elusage,1,2,4
elusage,1,2,5
elusage,1,4,1
elusage,1,4,2
elusage,1,4,3
elusage,1,4,4
elusage,1,4,5
elusage,1,8,1
elusage,1,8,2
elusage,1,8,3
elusage,1,8,4
elusage,1,8,5
elusage,1,16,1
elusage,1,16,2
elusage,1,16,3
elusage,1,16,4
elusage,1,16,5
elusage,1,32,1
elusage,1,32,2
elusage,1,32,3
elusage,1,32,4
elusage,1,32,5
elusage,1,64,1
elusage,1,64,2
elusage,1,64,3
elusage,1,64,4
elusage,1,64,5
elusage,2,1,1
elusage,2,1,2
elusage,2,1,3
elusage,2,1,4
elusage,2,1,5
elusage,2,2,1
elusage,2,2,2
elusage,2,2,3
elusage,2,2,4
elusage,2,2,5
elusage,2,4,1
elusage,2,4,2
elusage,2,4,3
elusage,2,4,4
elusage,2,4,5
elusage,2,8,1
elusage,2,8,2
elusage,2,8,3
elusage,2,8,4
elusage,2,8,5
elusage,2,16,1
elusage,2,16,2
elusage,2,16,3
elusage,2,16,4
elusage,2,16,5
elusage,2,32,1
elusage,2,32,2
elusage,2,32,3
elusage,2,32,4
elusage,2,32,5
elusage,2,64,1
elusage,2,64,2
elusage,2,64,3
elusage,2,64,4
elusage,2,64,5
stock,1,1,1
stock,1,1,2
stock,1,1,3
stock,1,1,4
stock,1,1,5
stock,1,2,1
stock,1,2,2
stock,1,2,3
stock,1,2,4
stock,1,2,5
stock,1,4,1
stock,1,4,2
stock,1,4,3
stock,1,4,4
stock,1,4,5
stock,1,8,1
stock,1,8,2
stock,1,8,3
stock,1,8,4
stock,1,8,5
stock,1,16,1
stock,1,16,2
stock,1,16,3
stock,1,16,4
stock,1,16,5
stock,1,32,1
stock,1,32,2
stock,1,32,3
stock,1,32,4
stock,1,32,5
stock,1,64,1
stock,1,64,2
stock,1,64,3
stock,1,64,4
stock,1,64,5
stock,2,1,1
stock,2,1,2
stock,2,1,3
stock,2,1,4
stock,2,1,5
stock,2,2,1
stock,2,2,2
stock,2,2,3
stock,2,2,4
stock,2,2,5
stock,2,4,1
stock,2,4,2
stock,2,4,3
stock,2,4,4
stock,2,4,5
stock,2,8,1
stock,2,8,2
stock,2,8,3
stock,2,8,4
stock,2,8,5
stock,2,16,1
stock,2,16,2
stock,2,16,3
stock,2,16,4
stock,2,16,5
stock,2,32,1
stock,2,32,2
stock,2,32,3
stock,2,32,4
stock,2,32,5
stock,2,64,1
stock,2,64,2
stock,2,64,3
stock,2,64,4
stock,2,64,5
cholesterol,1,1,1
cholesterol,1,1,2
cholesterol,1,1,3
cholesterol,1,1,4
cholesterol,1,1,5
cholesterol,1,2,1
cholesterol,1,2,2
cholesterol,1,2,3
cholesterol,1,2,4
cholesterol,1,2,5
cholesterol,1,4,1
cholesterol,1,4,2
cholesterol,1,4,3
cholesterol,1,4,4
cholesterol,1,4,5
cholesterol,1,8,1
cholesterol,1,8,2
cholesterol,1,8,3
cholesterol,1,8,4
cholesterol,1,8,5
cholesterol,1,16,1
cholesterol,1,16,2
cholesterol,1,16,3
cholesterol,1,16,4
cholesterol,1,16,5
cholesterol,1,32,1
cholesterol,1,32,2
cholesterol,1,32,3
cholesterol,1,32,4
cholesterol,1,32,5
cholesterol,1,64,1
cholesterol,1,64,2
cholesterol,1,64,3
cholesterol,1,64,4
cholesterol,1,64,5
cholesterol,2,1,1
cholesterol,2,1,2
cholesterol,2,1,3
cholesterol,2,1,4
cholesterol,2,1,5
cholesterol,2,2,1
cholesterol,2,2,2
cholesterol,2,2,3
cholesterol,2,2,4
cholesterol,2,2,5
cholesterol,2,4,1
cholesterol,2,4,2
cholesterol,2,4,3
cholesterol,2,4,4
cholesterol,2,4,5
cholesterol,2,8,1
cholesterol,2,8,2
cholesterol,2,8,3
cholesterol,2,8,4
cholesterol,2,8,5
cholesterol,2,16,1
cholesterol,2,16,2
cholesterol,2,16,3
cholesterol,2,16,4
cholesterol,2,16,5
cholesterol,2,32,1
cholesterol,2,32,2
cholesterol,2,32,3
cholesterol,2,32,4
cholesterol,2,32,5
cholesterol,2,64,1
cholesterol,2,64,2
cholesterol,2,64,3
cholesterol,2,64,4
cholesterol,2,64,5
pwlinear,1,1,1
pwlinear,1,1,2
pwlinear,1,1,3
pwlinear,1,1,4
pwlinear,1,1,5
pwlinear,1,2,1
pwlinear,1,2,2
pwlinear,1,2,3
pwlinear,1,2,4
pwlinear,1,2,5
pwlinear,1,4,1
pwlinear,1,4,2
pwlinear,1,4,3
pwlinear,1,4,4
pwlinear,1,4,5
pwlinear,1,8,1
pwlinear,1,8,2
pwlinear,1,8,3
pwlinear,1,8,4
pwlinear,1,8,5
pwlinear,1,16,1
pwlinear,1,16,2
pwlinear,1,16,3
pwlinear,1,16,4
pwlinear,1,16,5
pwlinear,1,32,1
pwlinear,1,32,2
pwlinear,1,32,3
pwlinear,1,32,4
pwlinear,1,32,5
pwlinear,1,64,1
pwlinear,1,64,2
pwlinear,1,64,3
pwlinear,1,64,4
pwlinear,1,64,5
pwlinear,2,1,1
pwlinear,2,1,2
pwlinear,2,1,3
pwlinear,2,1,4
pwlinear,2,1,5
pwlinear,2,2,1
pwlinear,2,2,2
pwlinear,2,2,3
pwlinear,2,2,4
pwlinear,2,2,5
pwlinear,2,4,1
pwlinear,2,4,2
pwlinear,2,4,3
pwlinear,2,4,4
pwlinear,2,4,5
pwlinear,2,8,1
pwlinear,2,8,2
pwlinear,2,8,3
pwlinear,2,8,4
pwlinear,2,8,5
pwlinear,2,16,1
pwlinear,2,16,2
pwlinear,2,16,3
pwlinear,2,16,4
pwlinear,2,16,5
pwlinear,2,32,1
pwlinear,2,32,2
pwlinear,2,32,3
pwlinear,2,32,4
pwlinear,2,32,5
pwlinear,2,64,1
pwlinear,2,64,2
pwlinear,2,64,3
pwlinear,2,64,4
pwlinear,2,64,5
fishcatch,1,1,1
fishcatch,1,1,2
fishcatch,1,1,3
fishcatch,1,1,4
fishcatch,1,1,5
fishcatch,1,2,1
fishcatch,1,2,2
fishcatch,1,2,3
fishcatch,1,2,4
fishcatch,1,2,5
fishcatch,1,4,1
fishcatch,1,4,2
fishcatch,1,4,3
fishcatch,1,4,4
fishcatch,1,4,5
fishcatch,1,8,1
fishcatch,1,8,2
fishcatch,1,8,3
fishcatch,1,8,4
fishcatch,1,8,5
fishcatch,1,16,1
fishcatch,1,16,2
fishcatch,1,16,3
fishcatch,1,16,4
fishcatch,1,16,5
fishcatch,1,32,1
fishcatch,1,32,2
fishcatch,1,32,3
fishcatch,1,32,4
fishcatch,1,32,5
fishcatch,1,64,1
fishcatch,1,64,2
fishcatch,1,64,3
fishcatch,1,64,4
fishcatch,1,64,5
fishcatch,2,1,1
fishcatch,2,1,2
fishcatch,2,1,3
fishcatch,2,1,4
fishcatch,2,1,5
fishcatch,2,2,1
fishcatch,2,2,2
fishcatch,2,2,3
fishcatch,2,2,4
fishcatch,2,2,5
fishcatch,2,4,1
fishcatch,2,4,2
fishcatch,2,4,3
fishcatch,2,4,4
fishcatch,2,4,5
fishcatch,2,8,1
fishcatch,2,8,2
fishcatch,2,8,3
fishcatch,2,8,4
fishcatch,2,8,5
fishcatch,2,16,1
fishcatch,2,16,2
fishcatch,2,16,3
fishcatch,2,16,4
fishcatch,2,16,5
fishcatch,2,32,1
fishcatch,2,32,2
fishcatch,2,32,3
fishcatch,2,32,4
fishcatch,2,32,5
fishcatch,2,64,1
fishcatch,2,64,2
fishcatch,2,64,3
fishcatch,2,64,4
fishcatch,2,64,5
mbagrade,1,1,1
mbagrade,1,1,2
mbagrade,1,1,3
mbagrade,1,1,4
mbagrade,1,1,5
mbagrade,1,2,1
mbagrade,1,2,2
mbagrade,1,2,3
mbagrade,1,2,4
mbagrade,1,2,5
mbagrade,1,4,1
mbagrade,1,4,2
mbagrade,1,4,3
mbagrade,1,4,4
mbagrade,1,4,5
mbagrade,1,8,1
mbagrade,1,8,2
mbagrade,1,8,3
mbagrade,1,8,4
mbagrade,1,8,5
mbagrade,1,16,1
mbagrade,1,16,2
mbagrade,1,16,3
mbagrade,1,16,4
mbagrade,1,16,5
mbagrade,1,32,1
mbagrade,1,32,2
mbagrade,1,32,3
mbagrade,1,32,4
mbagrade,1,32,5
mbagrade,1,64,1
mbagrade,1,64,2
mbagrade,1,64,3
mbagrade,1,64,4
mbagrade,1,64,5
mbagrade,2,1,1
mbagrade,2,1,2
mbagrade,2,1,3
mbagrade,2,1,4
mbagrade,2,1,5
mbagrade,2,2,1
mbagrade,2,2,2
mbagrade,2,2,3
mbagrade,2,2,4
mbagrade,2,2,5
mbagrade,2,4,1
mbagrade,2,4,2
mbagrade,2,4,3
mbagrade,2,4,4
mbagrade,2,4,5
mbagrade,2,8,1
mbagrade,2,8,2
mbagrade,2,8,3
mbagrade,2,8,4
mbagrade,2,8,5
mbagrade,2,16,1
mbagrade,2,16,2
mbagrade,2,16,3
mbagrade,2,16,4
mbagrade,2,16,5
mbagrade,2,32,1
mbagrade,2,32,2
mbagrade,2,32,3
mbagrade,2,32,4
mbagrade,2,32,5
mbagrade,2,64,1
mbagrade,2,64,2
mbagrade,2,64,3
mbagrade,2,64,4
mbagrade,2,64,5
cpu,1,1,1
cpu,1,1,2
cpu,1,1,3
cpu,1,1,4
cpu,1,1,5
cpu,1,2,1
cpu,1,2,2
cpu,1,2,3
cpu,1,2,4
cpu,1,2,5
cpu,1,4,1
cpu,1,4,2
cpu,1,4,3
cpu,1,4,4
cpu,1,4,5
cpu,1,8,1
cpu,1,8,2
cpu,1,8,3
cpu,1,8,4
cpu,1,8,5
cpu,1,16,1
cpu,1,16,2
cpu,1,16,3
cpu,1,16,4
cpu,1,16,5
cpu,1,32,1
cpu,1,32,2
cpu,1,32,3
cpu,1,32,4
cpu,1,32,5
cpu,1,64,1
cpu,1,64,2
cpu,1,64,3
cpu,1,64,4
cpu,1,64,5
cpu,2,1,1
cpu,2,1,2
cpu,2,1,3
cpu,2,1,4
cpu,2,1,5
cpu,2,2,1
cpu,2,2,2
cpu,2,2,3
cpu,2,2,4
cpu,2,2,5
cpu,2,4,1
cpu,2,4,2
cpu,2,4,3
cpu,2,4,4
cpu,2,4,5
cpu,2,8,1
cpu,2,8,2
cpu,2,8,3
cpu,2,8,4
cpu,2,8,5
cpu,2,16,1
cpu,2,16,2
cpu,2,16,3
cpu,2,16,4
cpu,2,16,5
cpu,2,32,1
cpu,2,32,2
cpu,2,32,3
cpu,2,32,4
cpu,2,32,5
cpu,2,64,1
cpu,2,64,2
cpu,2,64,3
cpu,2,64,4
cpu,2,64,5
simulated.linear,1,1,1
simulated.linear,1,1,2
simulated.linear,1,1,3
simulated.linear,1,1,4
simulated.linear,1,1,5
simulated.linear,1,2,1
simulated.linear,1,2,2
simulated.linear,1,2,3
simulated.linear,1,2,4
simulated.linear,1,2,5
simulated.linear,1,4,1
simulated.linear,1,4,2
simulated.linear,1,4,3
simulated.linear,1,4,4
simulated.linear,1,4,5
simulated.linear,1,8,1
simulated.linear,1,8,2
simulated.linear,1,8,3
simulated.linear,1,8,4
simulated.linear,1,8,5
simulated.linear,1,16,1
simulated.linear,1,16,2
simulated.linear,1,16,3
simulated.linear,1,16,4
simulated.linear,1,16,5
simulated.linear,1,32,1
simulated.linear,1,32,2
simulated.linear,1,32,3
simulated.linear,1,32,4
simulated.linear,1,32,5
simulated.linear,1,64,1
simulated.linear,1,64,2
simulated.linear,1,64,3
simulated.linear,1,64,4
simulated.linear,1,64,5
simulated.linear,2,1,1
simulated.linear,2,1,2
simulated.linear,2,1,3
simulated.linear,2,1,4
simulated.linear,2,1,5
simulated.linear,2,2,1
simulated.linear,2,2,2
simulated.linear,2,2,3
simulated.linear,2,2,4
simulated.linear,2,2,5
simulated.linear,2,4,1
simulated.linear,2,4,2
simulated.linear,2,4,3
simulated.linear,2,4,4
simulated.linear,2,4,5
simulated.linear,2,8,1
simulated.linear,2,8,2
simulated.linear,2,8,3
simulated.linear,2,8,4
simulated.linear,2,8,5
simulated.linear,2,16,1
simulated.linear,2,16,2
simulated.linear,2,16,3
simulated.linear,2,16,4
simulated.linear,2,16,5
simulated.linear,2,32,1
simulated.linear,2,32,2
simulated.linear,2,32,3
simulated.linear,2,32,4
simulated.linear,2,32,5
simulated.linear,2,64,1
simulated.linear,2,64,2
simulated.linear,2,64,3
simulated.linear,2,64,4
simulated.linear,2,64,5
pyrim,1,1,1
pyrim,1,1,2
pyrim,1,1,3
pyrim,1,1,4
pyrim,1,1,5
pyrim,1,2,1
pyrim,1,2,2
pyrim,1,2,3
pyrim,1,2,4
pyrim,1,2,5
pyrim,1,4,1
pyrim,1,4,2
pyrim,1,4,3
pyrim,1,4,4
pyrim,1,4,5
pyrim,1,8,1
pyrim,1,8,2
pyrim,1,8,3
pyrim,1,8,4
pyrim,1,8,5
pyrim,1,16,1
pyrim,1,16,2
pyrim,1,16,3
pyrim,1,16,4
pyrim,1,16,5
pyrim,1,32,1
pyrim,1,32,2
pyrim,1,32,3
pyrim,1,32,4
pyrim,1,32,5
pyrim,1,64,1
pyrim,1,64,2
pyrim,1,64,3
pyrim,1,64,4
pyrim,1,64,5
pyrim,2,1,1
pyrim,2,1,2
pyrim,2,1,3
pyrim,2,1,4
pyrim,2,1,5
pyrim,2,2,1
pyrim,2,2,2
pyrim,2,2,3
pyrim,2,2,4
pyrim,2,2,5
pyrim,2,4,1
pyrim,2,4,2
pyrim,2,4,3
pyrim,2,4,4
pyrim,2,4,5
pyrim,2,8,1
pyrim,2,8,2
pyrim,2,8,3
pyrim,2,8,4
pyrim,2,8,5
pyrim,2,16,1
pyrim,2,16,2
pyrim,2,16,3
pyrim,2,16,4
pyrim,2,16,5
pyrim,2,32,1
pyrim,2,32,2
pyrim,2,32,3
pyrim,2,32,4
pyrim,2,32,5
pyrim,2,64,1
pyrim,2,64,2
pyrim,2,64,3
pyrim,2,64,4
pyrim,2,64,5
meta,1,1,1
meta,1,1,2
meta,1,1,3
meta,1,1,4
meta,1,1,5
meta,1,2,1
meta,1,2,2
meta,1,2,3
meta,1,2,4
meta,1,2,5
meta,1,4,1
meta,1,4,2
meta,1,4,3
meta,1,4,4
meta,1,4,5
meta,1,8,1
meta,1,8,2
meta,1,8,3
meta,1,8,4
meta,1,8,5
meta,1,16,1
meta,1,16,2
meta,1,16,3
meta,1,16,4
meta,1,16,5
meta,1,32,1
meta,1,32,2
meta,1,32,3
meta,1,32,4
meta,1,32,5
meta,1,64,1
meta,1,64,2
meta,1,64,3
meta,1,64,4
meta,1,64,5
meta,2,1,1
meta,2,1,2
meta,2,1,3
meta,2,1,4
meta,2,1,5
meta,2,2,1
meta,2,2,2
meta,2,2,3
meta,2,2,4
meta,2,2,5
meta,2,4,1
meta,2,4,2
meta,2,4,3
meta,2,4,4
meta,2,4,5
meta,2,8,1
meta,2,8,2
meta,2,8,3
meta,2,8,4
meta,2,8,5
meta,2,16,1
meta,2,16,2
meta,2,16,3
meta,2,16,4
meta,2,16,5
meta,2,32,1
meta,2,32,2
meta,2,32,3
meta,2,32,4
meta,2,32,5
meta,2,64,1
meta,2,64,2
meta,2,64,3
meta,2,64,4
meta,2,64,5
cloud,1,1,1
cloud,1,1,2
cloud,1,1,3
cloud,1,1,4
cloud,1,1,5
cloud,1,2,1
cloud,1,2,2
cloud,1,2,3
cloud,1,2,4
cloud,1,2,5
cloud,1,4,1
cloud,1,4,2
cloud,1,4,3
cloud,1,4,4
cloud,1,4,5
cloud,1,8,1
cloud,1,8,2
cloud,1,8,3
cloud,1,8,4
cloud,1,8,5
cloud,1,16,1
cloud,1,16,2
cloud,1,16,3
cloud,1,16,4
cloud,1,16,5
cloud,1,32,1
cloud,1,32,2
cloud,1,32,3
cloud,1,32,4
cloud,1,32,5
cloud,1,64,1
cloud,1,64,2
cloud,1,64,3
cloud,1,64,4
cloud,1,64,5
cloud,2,1,1
cloud,2,1,2
cloud,2,1,3
cloud,2,1,4
cloud,2,1,5
cloud,2,2,1
cloud,2,2,2
cloud,2,2,3
cloud,2,2,4
cloud,2,2,5
cloud,2,4,1
cloud,2,4,2
cloud,2,4,3
cloud,2,4,4
cloud,2,4,5
cloud,2,8,1
cloud,2,8,2
cloud,2,8,3
cloud,2,8,4
cloud,2,8,5
cloud,2,16,1
cloud,2,16,2
cloud,2,16,3
cloud,2,16,4
cloud,2,16,5
cloud,2,32,1
cloud,2,32,2
cloud,2,32,3
cloud,2,32,4
cloud,2,32,5
cloud,2,64,1
cloud,2,64,2
cloud,2,64,3
cloud,2,64,4
cloud,2,64,5
sleep,1,1,1
sleep,1,1,2
sleep,1,1,3
sleep,1,1,4
sleep,1,1,5
sleep,1,2,1
sleep,1,2,2
sleep,1,2,3
sleep,1,2,4
sleep,1,2,5
sleep,1,4,1
sleep,1,4,2
sleep,1,4,3
sleep,1,4,4
sleep,1,4,5
sleep,1,8,1
sleep,1,8,2
sleep,1,8,3
sleep,1,8,4
sleep,1,8,5
sleep,1,16,1
sleep,1,16,2
sleep,1,16,3
sleep,1,16,4
sleep,1,16,5
sleep,1,32,1
sleep,1,32,2
sleep,1,32,3
sleep,1,32,4
sleep,1,32,5
sleep,1,64,1
sleep,1,64,2
sleep,1,64,3
sleep,1,64,4
sleep,1,64,5
sleep,2,1,1
sleep,2,1,2
sleep,2,1,3
sleep,2,1,4
sleep,2,1,5
sleep,2,2,1
sleep,2,2,2
sleep,2,2,3
sleep,2,2,4
sleep,2,2,5
sleep,2,4,1
sleep,2,4,2
sleep,2,4,3
sleep,2,4,4
sleep,2,4,5
sleep,2,8,1
sleep,2,8,2
sleep,2,8,3
sleep,2,8,4
sleep,2,8,5
sleep,2,16,1
sleep,2,16,2
sleep,2,16,3
sleep,2,16,4
sleep,2,16,5
sleep,2,32,1
sleep,2,32,2
sleep,2,32,3
sleep,2,32,4
sleep,2,32,5
sleep,2,64,1
sleep,2,64,2
sleep,2,64,3
sleep,2,64,4
sleep,2,64,5
fruitfly,1,1,1
fruitfly,1,1,2
fruitfly,1,1,3
fruitfly,1,1,4
fruitfly,1,1,5
fruitfly,1,2,1
fruitfly,1,2,2
fruitfly,1,2,3
fruitfly,1,2,4
fruitfly,1,2,5
fruitfly,1,4,1
fruitfly,1,4,2
fruitfly,1,4,3
fruitfly,1,4,4
fruitfly,1,4,5
fruitfly,1,8,1
fruitfly,1,8,2
fruitfly,1,8,3
fruitfly,1,8,4
fruitfly,1,8,5
fruitfly,1,16,1
fruitfly,1,16,2
fruitfly,1,16,3
fruitfly,1,16,4
fruitfly,1,16,5
fruitfly,1,32,1
fruitfly,1,32,2
fruitfly,1,32,3
fruitfly,1,32,4
fruitfly,1,32,5
fruitfly,1,64,1
fruitfly,1,64,2
fruitfly,1,64,3
fruitfly,1,64,4
fruitfly,1,64,5
fruitfly,2,1,1
fruitfly,2,1,2
fruitfly,2,1,3
fruitfly,2,1,4
fruitfly,2,1,5
fruitfly,2,2,1
fruitfly,2,2,2
fruitfly,2,2,3
fruitfly,2,2,4
fruitfly,2,2,5
fruitfly,2,4,1
fruitfly,2,4,2
fruitfly,2,4,3
fruitfly,2,4,4
fruitfly,2,4,5
fruitfly,2,8,1
fruitfly,2,8,2
fruitfly,2,8,3
fruitfly,2,8,4
fruitfly,2,8,5
fruitfly,2,16,1
fruitfly,2,16,2
fruitfly,2,16,3
fruitfly,2,16,4
fruitfly,2,16,5
fruitfly,2,32,1
fruitfly,2,32,2
fruitfly,2,32,3
fruitfly,2,32,4
fruitfly,2,32,5
fruitfly,2,64,1
fruitfly,2,64,2
fruitfly,2,64,3
fruitfly,2,64,4
fruitfly,2,64,5
pollution,1,1,1
pollution,1,1,2
pollution,1,1,3
pollution,1,1,4
pollution,1,1,5
pollution,1,2,1
pollution,1,2,2
pollution,1,2,3
pollution,1,2,4
pollution,1,2,5
pollution,1,4,1
pollution,1,4,2
pollution,1,4,3
pollution,1,4,4
pollution,1,4,5
pollution,1,8,1
pollution,1,8,2
pollution,1,8,3
pollution,1,8,4
pollution,1,8,5
pollution,1,16,1
pollution,1,16,2
pollution,1,16,3
pollution,1,16,4
pollution,1,16,5
pollution,1,32,1
pollution,1,32,2
pollution,1,32,3
pollution,1,32,4
pollution,1,32,5
pollution,1,64,1
pollution,1,64,2
pollution,1,64,3
pollution,1,64,4
pollution,1,64,5
pollution,2,1,1
pollution,2,1,2
pollution,2,1,3
pollution,2,1,4
pollution,2,1,5
pollution,2,2,1
pollution,2,2,2
pollution,2,2,3
pollution,2,2,4
pollution,2,2,5
pollution,2,4,1
pollution,2,4,2
pollution,2,4,3
pollution,2,4,4
pollution,2,4,5
pollution,2,8,1
pollution,2,8,2
pollution,2,8,3
pollution,2,8,4
pollution,2,8,5
pollution,2,16,1
pollution,2,16,2
pollution,2,16,3
pollution,2,16,4
pollution,2,16,5
pollution,2,32,1
pollution,2,32,2
pollution,2,32,3
pollution,2,32,4
pollution,2,32,5
pollution,2,64,1
pollution,2,64,2
pollution,2,64,3
pollution,2,64,4
pollution,2,64,5
simulated.sin,1,1,1
simulated.sin,1,1,2
simulated.sin,1,1,3
simulated.sin,1,1,4
simulated.sin,1,1,5
simulated.sin,1,2,1
simulated.sin,1,2,2
simulated.sin,1,2,3
simulated.sin,1,2,4
simulated.sin,1,2,5
simulated.sin,1,4,1
simulated.sin,1,4,2
simulated.sin,1,4,3
simulated.sin,1,4,4
simulated.sin,1,4,5
simulated.sin,1,8,1
simulated.sin,1,8,2
simulated.sin,1,8,3
simulated.sin,1,8,4
simulated.sin,1,8,5
simulated.sin,1,16,1
simulated.sin,1,16,2
simulated.sin,1,16,3
simulated.sin,1,16,4
simulated.sin,1,16,5
simulated.sin,1,32,1
simulated.sin,1,32,2
simulated.sin,1,32,3
simulated.sin,1,32,4
simulated.sin,1,32,5
simulated.sin,1,64,1
simulated.sin,1,64,2
simulated.sin,1,64,3
simulated.sin,1,64,4
simulated.sin,1,64,5
simulated.sin,2,1,1
simulated.sin,2,1,2
simulated.sin,2,1,3
simulated.sin,2,1,4
simulated.sin,2,1,5
simulated.sin,2,2,1
simulated.sin,2,2,2
simulated.sin,2,2,3
simulated.sin,2,2,4
simulated.sin,2,2,5
simulated.sin,2,4,1
simulated.sin,2,4,2
simulated.sin,2,4,3
simulated.sin,2,4,4
simulated.sin,2,4,5
simulated.sin,2,8,1
simulated.sin,2,8,2
simulated.sin,2,8,3
simulated.sin,2,8,4
simulated.sin,2,8,5
simulated.sin,2,16,1
simulated.sin,2,16,2
simulated.sin,2,16,3
simulated.sin,2,16,4
simulated.sin,2,16,5
simulated.sin,2,32,1
simulated.sin,2,32,2
simulated.sin,2,32,3
simulated.sin,2,32,4
simulated.sin,2,32,5
simulated.sin,2,64,1
simulated.sin,2,64,2
simulated.sin,2,64,3
simulated.sin,2,64,4
simulated.sin,2,64,5
triazines,1,1,1
triazines,1,1,2
triazines,1,1,3
triazines,1,1,4
triazines,1,1,5
triazines,1,2,1
triazines,1,2,2
triazines,1,2,3
triazines,1,2,4
triazines,1,2,5
triazines,1,4,1
triazines,1,4,2
triazines,1,4,3
triazines,1,4,4
triazines,1,4,5
triazines,1,8,1
triazines,1,8,2
triazines,1,8,3
triazines,1,8,4
triazines,1,8,5
triazines,1,16,1
triazines,1,16,2
triazines,1,16,3
triazines,1,16,4
triazines,1,16,5
triazines,1,32,1
triazines,1,32,2
triazines,1,32,3
triazines,1,32,4
triazines,1,32,5
triazines,1,64,1
triazines,1,64,2
triazines,1,64,3
triazines,1,64,4
triazines,1,64,5
triazines,2,1,1
triazines,2,1,2
triazines,2,1,3
triazines,2,1,4
triazines,2,1,5
triazines,2,2,1
triazines,2,2,2
triazines,2,2,3
triazines,2,2,4
triazines,2,2,5
triazines,2,4,1
triazines,2,4,2
triazines,2,4,3
triazines,2,4,4
triazines,2,4,5
triazines,2,8,1
triazines,2,8,2
triazines,2,8,3
triazines,2,8,4
triazines,2,8,5
triazines,2,16,1
triazines,2,16,2
triazines,2,16,3
triazines,2,16,4
triazines,2,16,5
triazines,2,32,1
triazines,2,32,2
triazines,2,32,3
triazines,2,32,4
triazines,2,32,5
triazines,2,64,1
triazines,2,64,2
triazines,2,64,3
triazines,2,64,4
triazines,2,64,5
cleveland,1,1,1
cleveland,1,1,2
cleveland,1,1,3
cleveland,1,1,4
cleveland,1,1,5
cleveland,1,2,1
cleveland,1,2,2
cleveland,1,2,3
cleveland,1,2,4
cleveland,1,2,5
cleveland,1,4,1
cleveland,1,4,2
cleveland,1,4,3
cleveland,1,4,4
cleveland,1,4,5
cleveland,1,8,1
cleveland,1,8,2
cleveland,1,8,3
cleveland,1,8,4
cleveland,1,8,5
cleveland,1,16,1
cleveland,1,16,2
cleveland,1,16,3
cleveland,1,16,4
cleveland,1,16,5
cleveland,1,32,1
cleveland,1,32,2
cleveland,1,32,3
cleveland,1,32,4
cleveland,1,32,5
cleveland,1,64,1
cleveland,1,64,2
cleveland,1,64,3
cleveland,1,64,4
cleveland,1,64,5
cleveland,2,1,1
cleveland,2,1,2
cleveland,2,1,3
cleveland,2,1,4
cleveland,2,1,5
cleveland,2,2,1
cleveland,2,2,2
cleveland,2,2,3
cleveland,2,2,4
cleveland,2,2,5
cleveland,2,4,1
cleveland,2,4,2
cleveland,2,4,3
cleveland,2,4,4
cleveland,2,4,5
cleveland,2,8,1
cleveland,2,8,2
cleveland,2,8,3
cleveland,2,8,4
cleveland,2,8,5
cleveland,2,16,1
cleveland,2,16,2
cleveland,2,16,3
cleveland,2,16,4
cleveland,2,16,5
cleveland,2,32,1
cleveland,2,32,2
cleveland,2,32,3
cleveland,2,32,4
cleveland,2,32,5
cleveland,2,64,1
cleveland,2,64,2
cleveland,2,64,3
cleveland,2,64,4
cleveland,2,64,5
autohorse,1,1,1
autohorse,1,1,2
autohorse,1,1,3
autohorse,1,1,4
autohorse,1,1,5
autohorse,1,2,1
autohorse,1,2,2
autohorse,1,2,3
autohorse,1,2,4
autohorse,1,2,5
autohorse,1,4,1
autohorse,1,4,2
autohorse,1,4,3
autohorse,1,4,4
autohorse,1,4,5
autohorse,1,8,1
autohorse,1,8,2
autohorse,1,8,3
autohorse,1,8,4
autohorse,1,8,5
autohorse,1,16,1
autohorse,1,16,2
autohorse,1,16,3
autohorse,1,16,4
autohorse,1,16,5
autohorse,1,32,1
autohorse,1,32,2
autohorse,1,32,3
autohorse,1,32,4
autohorse,1,32,5
autohorse,1,64,1
autohorse,1,64,2
autohorse,1,64,3
autohorse,1,64,4
autohorse,1,64,5
autohorse,2,1,1
autohorse,2,1,2
autohorse,2,1,3
autohorse,2,1,4
autohorse,2,1,5
autohorse,2,2,1
autohorse,2,2,2
autohorse,2,2,3
autohorse,2,2,4
autohorse,2,2,5
autohorse,2,4,1
autohorse,2,4,2
autohorse,2,4,3
autohorse,2,4,4
autohorse,2,4,5
autohorse,2,8,1
autohorse,2,8,2
autohorse,2,8,3
autohorse,2,8,4
autohorse,2,8,5
autohorse,2,16,1
autohorse,2,16,2
autohorse,2,16,3
autohorse,2,16,4
autohorse,2,16,5
autohorse,2,32,1
autohorse,2,32,2
autohorse,2,32,3
autohorse,2,32,4
autohorse,2,32,5
autohorse,2,64,1
autohorse,2,64,2
autohorse,2,64,3
autohorse,2,64,4
autohorse,2,64,5
housing,1,1,1
housing,1,1,2
housing,1,1,3
housing,1,1,4
housing,1,1,5
housing,1,2,1
housing,1,2,2
housing,1,2,3
housing,1,2,4
housing,1,2,5
housing,1,4,1
housing,1,4,2
housing,1,4,3
housing,1,4,4
housing,1,4,5
housing,1,8,1
housing,1,8,2
housing,1,8,3
housing,1,8,4
housing,1,8,5
housing,1,16,1
housing,1,16,2
housing,1,16,3
housing,1,16,4
housing,1,16,5
housing,1,32,1
housing,1,32,2
housing,1,32,3
housing,1,32,4
housing,1,32,5
housing,1,64,1
housing,1,64,2
housing,1,64,3
housing,1,64,4
housing,1,64,5
housing,2,1,1
housing,2,1,2
housing,2,1,3
housing,2,1,4
housing,2,1,5
housing,2,2,1
housing,2,2,2
housing,2,2,3
housing,2,2,4
housing,2,2,5
housing,2,4,1
housing,2,4,2
housing,2,4,3
housing,2,4,4
housing,2,4,5
housing,2,8,1
housing,2,8,2
housing,2,8,3
housing,2,8,4
housing,2,8,5
housing,2,16,1
housing,2,16,2
housing,2,16,3
housing,2,16,4
housing,2,16,5
housing,2,32,1
housing,2,32,2
housing,2,32,3
housing,2,32,4
housing,2,32,5
housing,2,64,1
housing,2,64,2
housing,2,64,3
housing,2,64,4
housing,2,64,5
lymphoma.mkatayama,1,1,1
lymphoma.mkatayama,1,1,2
lymphoma.mkatayama,1,1,3
lymphoma.mkatayama,1,1,4
lymphoma.mkatayama,1,1,5
lymphoma.mkatayama,1,2,1
lymphoma.mkatayama,1,2,2
lymphoma.mkatayama,1,2,3
lymphoma.mkatayama,1,2,4
lymphoma.mkatayama,1,2,5
lymphoma.mkatayama,1,4,1
lymphoma.mkatayama,1,4,2
lymphoma.mkatayama,1,4,3
lymphoma.mkatayama,1,4,4
lymphoma.mkatayama,1,4,5
lymphoma.mkatayama,1,8,1
lymphoma.mkatayama,1,8,2
lymphoma.mkatayama,1,8,3
lymphoma.mkatayama,1,8,4
lymphoma.mkatayama,1,8,5
lymphoma.mkatayama,1,16,1
lymphoma.mkatayama,1,16,2
lymphoma.mkatayama,1,16,3
lymphoma.mkatayama,1,16,4
lymphoma.mkatayama,1,16,5
lymphoma.mkatayama,1,32,1
lymphoma.mkatayama,1,32,2
lymphoma.mkatayama,1,32,3
lymphoma.mkatayama,1,32,4
lymphoma.mkatayama,1,32,5
lymphoma.mkatayama,1,64,1
lymphoma.mkatayama,1,64,2
lymphoma.mkatayama,1,64,3
lymphoma.mkatayama,1,64,4
lymphoma.mkatayama,1,64,5
lymphoma.mkatayama,2,1,1
lymphoma.mkatayama,2,1,2
lymphoma.mkatayama,2,1,3
lymphoma.mkatayama,2,1,4
lymphoma.mkatayama,2,1,5
lymphoma.mkatayama,2,2,1
lymphoma.mkatayama,2,2,2
lymphoma.mkatayama,2,2,3
lymphoma.mkatayama,2,2,4
lymphoma.mkatayama,2,2,5
lymphoma.mkatayama,2,4,1
lymphoma.mkatayama,2,4,2
lymphoma.mkatayama,2,4,3
lymphoma.mkatayama,2,4,4
lymphoma.mkatayama,2,4,5
lymphoma.mkatayama,2,8,1
lymphoma.mkatayama,2,8,2
lymphoma.mkatayama,2,8,3
lymphoma.mkatayama,2,8,4
lymphoma.mkatayama,2,8,5
lymphoma.mkatayama,2,16,1
lymphoma.mkatayama,2,16,2
lymphoma.mkatayama,2,16,3
lymphoma.mkatayama,2,16,4
lymphoma.mkatayama,2,16,5
lymphoma.mkatayama,2,32,1
lymphoma.mkatayama,2,32,2
lymphoma.mkatayama,2,32,3
lymphoma.mkatayama,2,32,4
lymphoma.mkatayama,2,32,5
lymphoma.mkatayama,2,64,1
lymphoma.mkatayama,2,64,2
lymphoma.mkatayama,2,64,3
lymphoma.mkatayama,2,64,4
lymphoma.mkatayama,2,64,5
servo,1,1,1
servo,1,1,2
servo,1,1,3
servo,1,1,4
servo,1,1,5
servo,1,2,1
servo,1,2,2
servo,1,2,3
servo,1,2,4
servo,1,2,5
servo,1,4,1
servo,1,4,2
servo,1,4,3
servo,1,4,4
servo,1,4,5
servo,1,8,1
servo,1,8,2
servo,1,8,3
servo,1,8,4
servo,1,8,5
servo,1,16,1
servo,1,16,2
servo,1,16,3
servo,1,16,4
servo,1,16,5
servo,1,32,1
servo,1,32,2
servo,1,32,3
servo,1,32,4
servo,1,32,5
servo,1,64,1
servo,1,64,2
servo,1,64,3
servo,1,64,4
servo,1,64,5
servo,2,1,1
servo,2,1,2
servo,2,1,3
servo,2,1,4
servo,2,1,5
servo,2,2,1
servo,2,2,2
servo,2,2,3
servo,2,2,4
servo,2,2,5
servo,2,4,1
servo,2,4,2
servo,2,4,3
servo,2,4,4
servo,2,4,5
servo,2,8,1
servo,2,8,2
servo,2,8,3
servo,2,8,4
servo,2,8,5
servo,2,16,1
servo,2,16,2
servo,2,16,3
servo,2,16,4
servo,2,16,5
servo,2,32,1
servo,2,32,2
servo,2,32,3
servo,2,32,4
servo,2,32,5
servo,2,64,1
servo,2,64,2
servo,2,64,3
servo,2,64,4
servo,2,64,5
machine.cpu,1,1,1
machine.cpu,1,1,2
machine.cpu,1,1,3
machine.cpu,1,1,4
machine.cpu,1,1,5
machine.cpu,1,2,1
machine.cpu,1,2,2
machine.cpu,1,2,3
machine.cpu,1,2,4
machine.cpu,1,2,5
machine.cpu,1,4,1
machine.cpu,1,4,2
machine.cpu,1,4,3
machine.cpu,1,4,4
machine.cpu,1,4,5
machine.cpu,1,8,1
machine.cpu,1,8,2
machine.cpu,1,8,3
machine.cpu,1,8,4
machine.cpu,1,8,5
machine.cpu,1,16,1
machine.cpu,1,16,2
machine.cpu,1,16,3
machine.cpu,1,16,4
machine.cpu,1,16,5
machine.cpu,1,32,1
machine.cpu,1,32,2
machine.cpu,1,32,3
machine.cpu,1,32,4
machine.cpu,1,32,5
machine.cpu,1,64,1
machine.cpu,1,64,2
machine.cpu,1,64,3
machine.cpu,1,64,4
machine.cpu,1,64,5
machine.cpu,2,1,1
machine.cpu,2,1,2
machine.cpu,2,1,3
machine.cpu,2,1,4
machine.cpu,2,1,5
machine.cpu,2,2,1
machine.cpu,2,2,2
machine.cpu,2,2,3
machine.cpu,2,2,4
machine.cpu,2,2,5
machine.cpu,2,4,1
machine.cpu,2,4,2
machine.cpu,2,4,3
machine.cpu,2,4,4
machine.cpu,2,4,5
machine.cpu,2,8,1
machine.cpu,2,8,2
machine.cpu,2,8,3
machine.cpu,2,8,4
machine.cpu,2,8,5
machine.cpu,2,16,1
machine.cpu,2,16,2
machine.cpu,2,16,3
machine.cpu,2,16,4
machine.cpu,2,16,5
machine.cpu,2,32,1
machine.cpu,2,32,2
machine.cpu,2,32,3
machine.cpu,2,32,4
machine.cpu,2,32,5
machine.cpu,2,64,1
machine.cpu,2,64,2
machine.cpu,2,64,3
machine.cpu,2,64,4
machine.cpu,2,64,5
breasttumor,1,1,1
breasttumor,1,1,2
breasttumor,1,1,3
breasttumor,1,1,4
breasttumor,1,1,5
breasttumor,1,2,1
breasttumor,1,2,2
breasttumor,1,2,3
breasttumor,1,2,4
breasttumor,1,2,5
breasttumor,1,4,1
breasttumor,1,4,2
breasttumor,1,4,3
breasttumor,1,4,4
breasttumor,1,4,5
breasttumor,1,8,1
breasttumor,1,8,2
breasttumor,1,8,3
breasttumor,1,8,4
breasttumor,1,8,5
breasttumor,1,16,1
breasttumor,1,16,2
breasttumor,1,16,3
breasttumor,1,16,4
breasttumor,1,16,5
breasttumor,1,32,1
breasttumor,1,32,2
breasttumor,1,32,3
breasttumor,1,32,4
breasttumor,1,32,5
breasttumor,1,64,1
breasttumor,1,64,2
breasttumor,1,64,3
breasttumor,1,64,4
breasttumor,1,64,5
breasttumor,2,1,1
breasttumor,2,1,2
breasttumor,2,1,3
breasttumor,2,1,4
breasttumor,2,1,5
breasttumor,2,2,1
breasttumor,2,2,2
breasttumor,2,2,3
breasttumor,2,2,4
breasttumor,2,2,5
breasttumor,2,4,1
breasttumor,2,4,2
breasttumor,2,4,3
breasttumor,2,4,4
breasttumor,2,4,5
breasttumor,2,8,1
breasttumor,2,8,2
breasttumor,2,8,3
breasttumor,2,8,4
breasttumor,2,8,5
breasttumor,2,16,1
breasttumor,2,16,2
breasttumor,2,16,3
breasttumor,2,16,4
breasttumor,2,16,5
breasttumor,2,32,1
breasttumor,2,32,2
breasttumor,2,32,3
breasttumor,2,32,4
breasttumor,2,32,5
breasttumor,2,64,1
breasttumor,2,64,2
breasttumor,2,64,3
breasttumor,2,64,4
breasttumor,2,64,5
vineyard,1,1,1
vineyard,1,1,2
vineyard,1,1,3
vineyard,1,1,4
vineyard,1,1,5
vineyard,1,2,1
vineyard,1,2,2
vineyard,1,2,3
vineyard,1,2,4
vineyard,1,2,5
vineyard,1,4,1
vineyard,1,4,2
vineyard,1,4,3
vineyard,1,4,4
vineyard,1,4,5
vineyard,1,8,1
vineyard,1,8,2
vineyard,1,8,3
vineyard,1,8,4
vineyard,1,8,5
vineyard,1,16,1
vineyard,1,16,2
vineyard,1,16,3
vineyard,1,16,4
vineyard,1,16,5
vineyard,1,32,1
vineyard,1,32,2
vineyard,1,32,3
vineyard,1,32,4
vineyard,1,32,5
vineyard,1,64,1
vineyard,1,64,2
vineyard,1,64,3
vineyard,1,64,4
vineyard,1,64,5
vineyard,2,1,1
vineyard,2,1,2
vineyard,2,1,3
vineyard,2,1,4
vineyard,2,1,5
vineyard,2,2,1
vineyard,2,2,2
vineyard,2,2,3
vineyard,2,2,4
vineyard,2,2,5
vineyard,2,4,1
vineyard,2,4,2
vineyard,2,4,3
vineyard,2,4,4
vineyard,2,4,5
vineyard,2,8,1
vineyard,2,8,2
vineyard,2,8,3
vineyard,2,8,4
vineyard,2,8,5
vineyard,2,16,1
vineyard,2,16,2
vineyard,2,16,3
vineyard,2,16,4
vineyard,2,16,5
vineyard,2,32,1
vineyard,2,32,2
vineyard,2,32,3
vineyard,2,32,4
vineyard,2,32,5
vineyard,2,64,1
vineyard,2,64,2
vineyard,2,64,3
vineyard,2,64,4
vineyard,2,64,5
strike,1,1,1
strike,1,1,2
strike,1,1,3
strike,1,1,4
strike,1,1,5
strike,1,2,1
strike,1,2,2
strike,1,2,3
strike,1,2,4
strike,1,2,5
strike,1,4,1
strike,1,4,2
strike,1,4,3
strike,1,4,4
strike,1,4,5
strike,1,8,1
strike,1,8,2
strike,1,8,3
strike,1,8,4
strike,1,8,5
strike,1,16,1
strike,1,16,2
strike,1,16,3
strike,1,16,4
strike,1,16,5
strike,1,32,1
strike,1,32,2
strike,1,32,3
strike,1,32,4
strike,1,32,5
strike,1,64,1
strike,1,64,2
strike,1,64,3
strike,1,64,4
strike,1,64,5
strike,2,1,1
strike,2,1,2
strike,2,1,3
strike,2,1,4
strike,2,1,5
strike,2,2,1
strike,2,2,2
strike,2,2,3
strike,2,2,4
strike,2,2,5
strike,2,4,1
strike,2,4,2
strike,2,4,3
strike,2,4,4
strike,2,4,5
strike,2,8,1
strike,2,8,2
strike,2,8,3
strike,2,8,4
strike,2,8,5
strike,2,16,1
strike,2,16,2
strike,2,16,3
strike,2,16,4
strike,2,16,5
strike,2,32,1
strike,2,32,2
strike,2,32,3
strike,2,32,4
strike,2,32,5
strike,2,64,1
strike,2,64,2
strike,2,64,3
strike,2,64,4
strike,2,64,5
autoprice,1,1,1
autoprice,1,1,2
autoprice,1,1,3
autoprice,1,1,4
autoprice,1,1,5
autoprice,1,2,1
autoprice,1,2,2
autoprice,1,2,3
autoprice,1,2,4
autoprice,1,2,5
autoprice,1,4,1
autoprice,1,4,2
autoprice,1,4,3
autoprice,1,4,4
autoprice,1,4,5
autoprice,1,8,1
autoprice,1,8,2
autoprice,1,8,3
autoprice,1,8,4
autoprice,1,8,5
autoprice,1,16,1
autoprice,1,16,2
autoprice,1,16,3
autoprice,1,16,4
autoprice,1,16,5
autoprice,1,32,1
autoprice,1,32,2
autoprice,1,32,3
autoprice,1,32,4
autoprice,1,32,5
autoprice,1,64,1
autoprice,1,64,2
autoprice,1,64,3
autoprice,1,64,4
autoprice,1,64,5
autoprice,2,1,1
autoprice,2,1,2
autoprice,2,1,3
autoprice,2,1,4
autoprice,2,1,5
autoprice,2,2,1
autoprice,2,2,2
autoprice,2,2,3
autoprice,2,2,4
autoprice,2,2,5
autoprice,2,4,1
autoprice,2,4,2
autoprice,2,4,3
autoprice,2,4,4
autoprice,2,4,5
autoprice,2,8,1
autoprice,2,8,2
autoprice,2,8,3
autoprice,2,8,4
autoprice,2,8,5
autoprice,2,16,1
autoprice,2,16,2
autoprice,2,16,3
autoprice,2,16,4
autoprice,2,16,5
autoprice,2,32,1
autoprice,2,32,2
autoprice,2,32,3
autoprice,2,32,4
autoprice,2,32,5
autoprice,2,64,1
autoprice,2,64,2
autoprice,2,64,3
autoprice,2,64,4
autoprice,2,64,5
pbc,1,1,1
pbc,1,1,2
pbc,1,1,3
pbc,1,1,4
pbc,1,1,5
pbc,1,2,1
pbc,1,2,2
pbc,1,2,3
pbc,1,2,4
pbc,1,2,5
pbc,1,4,1
pbc,1,4,2
pbc,1,4,3
pbc,1,4,4
pbc,1,4,5
pbc,1,8,1
pbc,1,8,2
pbc,1,8,3
pbc,1,8,4
pbc,1,8,5
pbc,1,16,1
pbc,1,16,2
pbc,1,16,3
pbc,1,16,4
pbc,1,16,5
pbc,1,32,1
pbc,1,32,2
pbc,1,32,3
pbc,1,32,4
pbc,1,32,5
pbc,1,64,1
pbc,1,64,2
pbc,1,64,3
pbc,1,64,4
pbc,1,64,5
pbc,2,1,1
pbc,2,1,2
pbc,2,1,3
pbc,2,1,4
pbc,2,1,5
pbc,2,2,1
pbc,2,2,2
pbc,2,2,3
pbc,2,2,4
pbc,2,2,5
pbc,2,4,1
pbc,2,4,2
pbc,2,4,3
pbc,2,4,4
pbc,2,4,5
pbc,2,8,1
pbc,2,8,2
pbc,2,8,3
pbc,2,8,4
pbc,2,8,5
pbc,2,16,1
pbc,2,16,2
pbc,2,16,3
pbc,2,16,4
pbc,2,16,5
pbc,2,32,1
pbc,2,32,2
pbc,2,32,3
pbc,2,32,4
pbc,2,32,5
pbc,2,64,1
pbc,2,64,2
pbc,2,64,3
pbc,2,64,4
pbc,2,64,5
veteran,1,1,1
veteran,1,1,2
veteran,1,1,3
veteran,1,1,4
veteran,1,1,5
veteran,1,2,1
veteran,1,2,2
veteran,1,2,3
veteran,1,2,4
veteran,1,2,5
veteran,1,4,1
veteran,1,4,2
veteran,1,4,3
veteran,1,4,4
veteran,1,4,5
veteran,1,8,1
veteran,1,8,2
veteran,1,8,3
veteran,1,8,4
veteran,1,8,5
veteran,1,16,1
veteran,1,16,2
veteran,1,16,3
veteran,1,16,4
veteran,1,16,5
veteran,1,32,1
veteran,1,32,2
veteran,1,32,3
veteran,1,32,4
veteran,1,32,5
veteran,1,64,1
veteran,1,64,2
veteran,1,64,3
veteran,1,64,4
veteran,1,64,5
veteran,2,1,1
veteran,2,1,2
veteran,2,1,3
veteran,2,1,4
veteran,2,1,5
veteran,2,2,1
veteran,2,2,2
veteran,2,2,3
veteran,2,2,4
veteran,2,2,5
veteran,2,4,1
veteran,2,4,2
veteran,2,4,3
veteran,2,4,4
veteran,2,4,5
veteran,2,8,1
veteran,2,8,2
veteran,2,8,3
veteran,2,8,4
veteran,2,8,5
veteran,2,16,1
veteran,2,16,2
veteran,2,16,3
veteran,2,16,4
veteran,2,16,5
veteran,2,32,1
veteran,2,32,2
veteran,2,32,3
veteran,2,32,4
veteran,2,32,5
veteran,2,64,1
veteran,2,64,2
veteran,2,64,3
veteran,2,64,4
veteran,2,64,5
pharynx,1,1,1
pharynx,1,1,2
pharynx,1,1,3
pharynx,1,1,4
pharynx,1,1,5
pharynx,1,2,1
pharynx,1,2,2
pharynx,1,2,3
pharynx,1,2,4
pharynx,1,2,5
pharynx,1,4,1
pharynx,1,4,2
pharynx,1,4,3
pharynx,1,4,4
pharynx,1,4,5
pharynx,1,8,1
pharynx,1,8,2
pharynx,1,8,3
pharynx,1,8,4
pharynx,1,8,5
pharynx,1,16,1
pharynx,1,16,2
pharynx,1,16,3
pharynx,1,16,4
pharynx,1,16,5
pharynx,1,32,1
pharynx,1,32,2
pharynx,1,32,3
pharynx,1,32,4
pharynx,1,32,5
pharynx,1,64,1
pharynx,1,64,2
pharynx,1,64,3
pharynx,1,64,4
pharynx,1,64,5
pharynx,2,1,1
pharynx,2,1,2
pharynx,2,1,3
pharynx,2,1,4
pharynx,2,1,5
pharynx,2,2,1
pharynx,2,2,2
pharynx,2,2,3
pharynx,2,2,4
pharynx,2,2,5
pharynx,2,4,1
pharynx,2,4,2
pharynx,2,4,3
pharynx,2,4,4
pharynx,2,4,5
pharynx,2,8,1
pharynx,2,8,2
pharynx,2,8,3
pharynx,2,8,4
pharynx,2,8,5
pharynx,2,16,1
pharynx,2,16,2
pharynx,2,16,3
pharynx,2,16,4
pharynx,2,16,5
pharynx,2,32,1
pharynx,2,32,2
pharynx,2,32,3
pharynx,2,32,4
pharynx,2,32,5
pharynx,2,64,1
pharynx,2,64,2
pharynx,2,64,3
pharynx,2,64,4
pharynx,2,64,5
wisconsin,1,1,1
wisconsin,1,1,2
wisconsin,1,1,3
wisconsin,1,1,4
wisconsin,1,1,5
wisconsin,1,2,1
wisconsin,1,2,2
wisconsin,1,2,3
wisconsin,1,2,4
wisconsin,1,2,5
wisconsin,1,4,1
wisconsin,1,4,2
wisconsin,1,4,3
wisconsin,1,4,4
wisconsin,1,4,5
wisconsin,1,8,1
wisconsin,1,8,2
wisconsin,1,8,3
wisconsin,1,8,4
wisconsin,1,8,5
wisconsin,1,16,1
wisconsin,1,16,2
wisconsin,1,16,3
wisconsin,1,16,4
wisconsin,1,16,5
wisconsin,1,32,1
wisconsin,1,32,2
wisconsin,1,32,3
wisconsin,1,32,4
wisconsin,1,32,5
wisconsin,1,64,1
wisconsin,1,64,2
wisconsin,1,64,3
wisconsin,1,64,4
wisconsin,1,64,5
wisconsin,2,1,1
wisconsin,2,1,2
wisconsin,2,1,3
wisconsin,2,1,4
wisconsin,2,1,5
wisconsin,2,2,1
wisconsin,2,2,2
wisconsin,2,2,3
wisconsin,2,2,4
wisconsin,2,2,5
wisconsin,2,4,1
wisconsin,2,4,2
wisconsin,2,4,3
wisconsin,2,4,4
wisconsin,2,4,5
wisconsin,2,8,1
wisconsin,2,8,2
wisconsin,2,8,3
wisconsin,2,8,4
wisconsin,2,8,5
wisconsin,2,16,1
wisconsin,2,16,2
wisconsin,2,16,3
wisconsin,2,16,4
wisconsin,2,16,5
wisconsin,2,32,1
wisconsin,2,32,2
wisconsin,2,32,3
wisconsin,2,32,4
wisconsin,2,32,5
wisconsin,2,64,1
wisconsin,2,64,2
wisconsin,2,64,3
wisconsin,2,64,4
wisconsin,2,64,5
lymphoma.tdh,1,1,1
lymphoma.tdh,1,1,2
lymphoma.tdh,1,1,3
lymphoma.tdh,1,1,4
lymphoma.tdh,1,1,5
lymphoma.tdh,1,2,1
lymphoma.tdh,1,2,2
lymphoma.tdh,1,2,3
lymphoma.tdh,1,2,4
lymphoma.tdh,1,2,5
lymphoma.tdh,1,4,1
lymphoma.tdh,1,4,2
lymphoma.tdh,1,4,3
lymphoma.tdh,1,4,4
lymphoma.tdh,1,4,5
lymphoma.tdh,1,8,1
lymphoma.tdh,1,8,2
lymphoma.tdh,1,8,3
lymphoma.tdh,1,8,4
lymphoma.tdh,1,8,5
lymphoma.tdh,1,16,1
lymphoma.tdh,1,16,2
lymphoma.tdh,1,16,3
lymphoma.tdh,1,16,4
lymphoma.tdh,1,16,5
lymphoma.tdh,1,32,1
lymphoma.tdh,1,32,2
lymphoma.tdh,1,32,3
lymphoma.tdh,1,32,4
lymphoma.tdh,1,32,5
lymphoma.tdh,1,64,1
lymphoma.tdh,1,64,2
lymphoma.tdh,1,64,3
lymphoma.tdh,1,64,4
lymphoma.tdh,1,64,5
lymphoma.tdh,2,1,1
lymphoma.tdh,2,1,2
lymphoma.tdh,2,1,3
lymphoma.tdh,2,1,4
lymphoma.tdh,2,1,5
lymphoma.tdh,2,2,1
lymphoma.tdh,2,2,2
lymphoma.tdh,2,2,3
lymphoma.tdh,2,2,4
lymphoma.tdh,2,2,5
lymphoma.tdh,2,4,1
lymphoma.tdh,2,4,2
lymphoma.tdh,2,4,3
lymphoma.tdh,2,4,4
lymphoma.tdh,2,4,5
lymphoma.tdh,2,8,1
lymphoma.tdh,2,8,2
lymphoma.tdh,2,8,3
lymphoma.tdh,2,8,4
lymphoma.tdh,2,8,5
lymphoma.tdh,2,16,1
lymphoma.tdh,2,16,2
lymphoma.tdh,2,16,3
lymphoma.tdh,2,16,4
lymphoma.tdh,2,16,5
lymphoma.tdh,2,32,1
lymphoma.tdh,2,32,2
lymphoma.tdh,2,32,3
lymphoma.tdh,2,32,4
lymphoma.tdh,2,32,5
lymphoma.tdh,2,64,1
lymphoma.tdh,2,64,2
lymphoma.tdh,2,64,3
lymphoma.tdh,2,64,4
lymphoma.tdh,2,64,5
